,Size,Year,Title,Price,size*,multiplier*,base*,Edition,Left,Passage,Printed,filename,source filename,,,,,,,,
,20x10,2012,State of energy IV,680,1,10,1700,11,11,"Holding the line
Under splitting pressure
Of possible future",y,intraverses_01,10x20_16l_DSC_0361_rm_bra.jpg,,,,,,,,
,16x16,2022,Glass,136,1,2,1700,11,11,"What’s left behind,
On the road leading here
Is now just a soil
For whom shall follow",y,intraverses_02,16x16_composite-mirror_.jpg,,,,,,,,
,16x16,2022,Blues,272,1,4,1700,11,11,"One way mirror,
Shadows of the past;
Distorted presence.",y,intraverses_03,16x16_DSC8531-1_compositepsb_.jpg,,,,,,,,
,16x16,2022,Nostrum,510,2,5,1700,11,11,"Drowning slowly,
In the thoughts of days that past…
Through the vague and turbid air,
Her very self in outbursts of light and shadows.
Moment of clarity",y,intraverses_04,16x16_DSC9628-1__.jpg,,,,,,,,
,16x24,2021,Tempting darkness,680,3,5,1700,11,11,"Upside down
She lay trying to sense her own blood
Washing thoughts away
Tempting darkness",y,intraverses_05,16x24_DSC_2982_crop_FLAT_touchups.jpg,,,,,,,,
,24x16,2021,Dream of reason,680,3,5,1700,11,11,"Endless race
To gain a world
Just to give it up
With your name on it",y,intraverses_06,16x24_DSC_4816_lab_____.jpg,,,,,,,,
,24x16,2022,Depth,816,3,6,1700,11,11,"Down the path of only witness,
One that’s left, when your eyes
wide shut.",y,intraverses_07,16x24_DSC0584-1-composite.jpg,,,,,,,,
,16x24,2022,Smoke,408,3,3,1700,11,11,"Through veil of time,
In repeated lapses of acts of kindness,
Light prevails",y,intraverses_08,16x24_DSC1250-1_.jpg,,,,,,,,
,24x16,2022,Surface,680,3,5,1700,11,11,"Serene, within
The shadows of the thoughts.., watching
Sun, going through the body
Of it’s waters.",y,intraverses_09,16x24_DSC5917-1_.jpg,,,,,,,,
,20x20,2022,Faust,816,3,6,1700,11,11,"From the water we have came,
Into the water we shall go.",y,intraverses_10,20x20_1_DSC_0138_2022.jpg,,,,,,,,
,20x20,2022,Dream Catcher,952,3,7,1700,11,11,Dream catcher,y,intraverses_11,20x20_DSC1169-1_.jpg,,,,,,,,
,20x20,2022,Сradle,952,3,7,1700,11,11,"Within the life
She wanted to purse
The one
She is living",y,intraverses_12,20x20_DSC1528-1.jpg,,,,,,,,
,20x20,2021,Ticking ambiance,1224,3,9,1700,11,11,"There she laid,
Drowning her breath.
Ticking ambiance",y,intraverses_13,20x20_DSC7571.jpg,,,,,,,,
,20x20,2022,Legionary,952,3,7,1700,11,11,"Your thoughts disowned,
Each one of them striking waves
Of collective ego, punishing, for
The liberty of having them",y,intraverses_14,20x20_DSC9714-1_.jpg,,,,,,,,
,20x20,2022,Styx,1088,3,8,1700,11,11,"Scraps of reminiscences,
Blasting through her mind like an electrical current
Winding matter",y,intraverses_15,20x20_in water_clean_next_clean-up__.jpg,,,,,,,,
,30x20,2022,Still,1530,4,9,1700,11,11,"Pealing time, off all the scatter,
To a layer, where we, quite simply, know, Accept, understand and anything else is just irrelevant.
Taking a risk, of going bare,
You yourself a manifest of what and why it is,
Heart beating to affirm a single truth,
That you would’ve not taken it
Any other way.",y,intraverses_16,20x30_composite__.jpg,,,,,,,,
,20x30,2021,Night,1360,4,8,1700,11,11,"Her shadow trembling
Like a curtain to an outside reality
Thin baffle",y,intraverses_17,20x30_DSC_5068-composite.jpg,,,,,,,,
,20x30,2021,Action,1530,4,9,1700,11,11,"In tired violence
Underneath ones skin
There is an end and the beginning
Looking to surrender",y,intraverses_18,20x30_DSC_5307-composite.jpg,,,,,,,,
,20x30,2021,Serenity,1530,4,9,1700,11,11,"Among the things
That are our food, comfort, entertainment, profit, delusion of forward movement,
How much of it is our life?",y,intraverses_19,20x30_DSC_5326-separation.jpg,,,,,,,,
,30x20,2022,Manifest,1530,4,9,1700,11,10,"Committing to future,
By the flames of your past;
Gentle upheaval.",y,intraverses_20,20x30_DSC3232_new_main_lab__.jpg,,,,,,,,
,30x20,2022,In Light,1360,4,8,1700,11,11,"Dissected by darkness, light..
Through his reflection’s negative,
Laughing abyss",y,intraverses_21,20x30_DSC5835-1.jpg,,,,,,,,
,20x30,2022,Inner Line,1530,4,9,1700,11,11,"Freedom to choose
To hold on
To your own music",y,intraverses_22,20x30_DSC6431.jpg,,,,,,,,
,20x30,2021,Reverse,1530,4,9,1700,11,11,"A little drop
A tiny step
Right through the heart
Of her cassette
Playing on repeat
And simply falling
Over and again
The curtain of tomorrow",y,intraverses_23,20x30_DSC7558-1.jpg,,,,,,,,
,30x24,2022,Gravity,1683,4.5,9,1700,11,11,"Gravity of things we truly loved,
Growing through a skin
Of who we came to be",y,intraverses_24,24x30_DSC4608_lab_.jpg,,,,,,,,
,36x24,2022,Distortions,1836,5,9,1700,11,10,"Places we come to see and things we leave in them — when the time curls up there is nothing else, but those; neither there is any escaping it.",y,intraverses_25,24x36_DCS70__05_27_lab.jpg,,,,,,,,
,36x24,2022,Currents down from far ago,1836,5,9,1700,11,11,"Making step and pushing chairs,
Hanging ties, and simply falling;
Currents down from far ago",y,intraverses_26,24x36_DSC2378-1_final.jpg,,,,,,,,
,36x24,2022,Dark,2040,5,10,1700,11,11,"Atop the surface wide and clear,
They stood observing order of the new.
One by the name of Dark.",y,intraverses_27,24x36_DSC4456-1__.jpg,,,,,,,,
,24x36,2022,Surrender,1836,5,9,1700,11,10,,y,intraverses_28,24x36_DSC6204-1___.jpg,,,,,,,,
,16x16,2021,Wire,918,2,9,1700,11,11,"Not expecting a call
Silence so dense you could slice it
Only her face still holding
An expression from a different time",y,intraverses_29,DSC_3014_prep.jpg,,,,,,,,
,20x30,2021,Trigger,1088,3,8,1700,11,11,"A trigger pulled..,
Seeing it through.
From now to the end of forever.",y,intraverses_30,DSC_4918_сс-exp.jpg,,,,,,,,
,20x20,2021,A glimpse of darkness,1360,3,10,1700,11,11,"In the wast viscous darkness
A glimpse of longer than there will ever be
Watching us",y,intraverses_31,DSC_4996-composite.jpg,,,,,,,,
,24x36,2021,Thoughts of time,2040,5,10,1700,11,11,"Same old friend,
burning thoughts of younger time
With everything to lose",y,intraverses_32,DSC_5275-composite.jpg,,,,,,,,
,20x30,2021,Genesis12,1700,4,10,1700,11,11,"Now the earth was formless and empty, darkness was over the face of the deep, and the Spirit of God was hovering over the surface of the waters.",y,intraverses_33,DSC_5446-composite-v1.jpg,,,,,,,,
,36x24,2023,Reaching out,2040,5,10,1700,11,11,"Reaching out, touching faith
One religion, broadcasting answer
So simply and so vividly",y,intraverses_34,24x36_DSC0267-1_.jpg,,,,,,,,
,24x36,2023,Space,2244,5,11,1700,11,11,"Darkness asking,
To repeat an oldest story.
Hanging on,
To see a turn anew",y,intraverses_35,24x36_Astro_comp_vertical_v7__.jpg,,,,,,,,
,30x20,2024,Verity of letting go,816,3,6,1700,11,11,"Scapes of layers;
Ever slipping verity
Of letting go",y,intraverses_36,16x24_paola_comp_4______.jpg,,,,,,,,$65.14
,20x30,2023,Moonchild,1088,3,8,1700,11,11,,y,intraverses_37,20x30_DSC0516___.jpg,,,,,,,,
,20x30,2024,Bubble,952,3,7,1700,11,11,"Looking back, to see the future
The bubble of your own paradigm",y,intraverses_38,20x30_DSC0778-1.jpg,,,,,,,,
,30x20,2024,Versions,1224,3,9,1700,11,11,"Dropping masks and closes, leaving
fears by the door and coming naked
before all the versions of who you’ve been.",y,intraverses_39,20x30_composite-4___.jpg,,,,,,,,
,20x30,2023,Autumn,1224,3,9,1700,11,11,"How few is left
Of this Autumn
And ghostly aims afar

Of thought not mine
Just guesses
Seen in full, to the dregs

How scary and sneaky
Your revelations
For why is grinning while whine.
Of dreams unsung, sweet moments
Shout - shout - shout",y,intraverses_40,20x30_DSC4791-1-Recovered_.jpg,,,,,,,,$129.13
,30x20,2025,Marks,1088,3,8,1700,11,11,"A book we read to remember
Fixations we have of the past
To find a mark, setting us free",,intraverses_41,comp_one_final_3200.jpg,,,,,,,,
,30x20,2025,Thunder,1224,3,9,1700,11,11,,,intraverses_42,,,,,,,,,
,30x20,2025,Freeda,1224,3,9,1700,11,11,"Be it God, or fate or soul
Only fire, will be watching
Your slowly.., melt, control.",,intraverses_43,Comp-1_b_3200.jpg,,,,,,,,
,36x24,2025,Once again,2040,5,10,1700,11,11,"Sundance of moonly shadows
Come around
Once again",,intraverses_44,Comp-5_3200.jpg,,,,,,,,
,36x24,2026,Remnants,2040,5,10,1700,11,11,"Amongst the remnants of times,
Gone and coming… exploding;
Summary notes.",,intraverses_45,,,,,,,,,
,36x24,2026,Vibrance,1224,3,9,1700,11,11,"Doors we open to forget,
Stranger things we saw;
Others - lost and said..,
What, are we waiting for",,intraverses_46,Comp-2_b_4200.jpg,,,,,,,,
,30x20,2026,"Light and Water
",952,3,7,1700,11,11,,,intraverses_47,,,,,,,,,